[{"wp_inactive_widgets":["manga-history-id-2","manga-recent-2","manga-slider-2","manga-slider-3","manga-popular-slider-2","manga-popular-slider-3","manga-popular-slider-4","manga-search-2","manga-genres-id-2","manga-genres-id-3","wp_manga_release_id-2","c-w-posts-2","c-w-posts-3","custom_html-3","custom_html-10","custom_html-11","vifbfanbox_widget_class-2","rev-slider-widget-2","custom_html-5","custom_html-6","custom_html-7","custom_html-8","custom_html-9"],"manga_single_sidebar":["manga-genres-id-5","wp_manga_release_id-3","vifbfanbox_widget_class-5"],"manga_reading_sidebar":["custom_html-19","vifbfanbox_widget_class-4"],"manga_main_top_second_sidebar":["custom_html-4"],"main_sidebar":["custom_html-22","c-w-posts-5","manga-history-id-3","custom_html-12","custom_html-13","custom_html-14","vifbfanbox_widget_class-3","manga-recent-3"],"single_post_sidebar":["c-w-posts-4","vifbfanbox_widget_class-6","custom_html-20","search-4"],"search_sidebar":["manga-search-3"],"top_sidebar":["manga-slider-4","manga-slider-5","manga-popular-slider-8","custom_html-15"],"top_second_sidebar":["manga-popular-slider-5","manga-popular-slider-7","custom_html-16"],"bottom_sidebar":["manga-genres-id-4","custom_html-17","custom_html-18"]},{"manga-genres-id":{"5":{"title":"GENRES","exclude_genre":"gender-bender,psychological","show_manga_counts":"false","layout":"layout-1","widget_logic":""},"4":{"title":"Browse Manga By","exclude_genre":"","show_manga_counts":"true","layout":"layout-2","widget_logic":"is_page('home') || is_page('home-4') || is_page('home-dark')"},"2":{"title":"GENRES","exclude_genre":"gender-bender, psychological","show_manga_counts":"false","layout":"layout-1"},"3":{"title":"BROWSE MANGA BY","exclude_genre":"","show_manga_counts":"true","layout":"layout-2","widget_logic":"is_page('home') || is_page('home-4')"},"_multiwidget":1},"wp_manga_release_id":{"3":{"title":"YEAR OF RELEASED","exclude":"gender-bender,psychological","number":"20","go_release":"true","widget_logic":""},"2":{"title":"YEAR OF REALEASED","exclude":"","number":"20","go_release":"true"},"_multiwidget":1},"vifbfanbox_widget_class":{"5":{"title":"","appID":"","pageurl":"https:\/\/www.facebook.com\/mangabooth","width":"300","height":"300","bordercolor":"#fee0ec","widget_logic":""},"4":{"title":"","appID":"","pageurl":"https:\/\/www.facebook.com\/mangabooth","width":"300","height":"300","bordercolor":"#fee0ec","widget_logic":""},"3":{"title":"","appID":"","pageurl":"https:\/\/www.facebook.com\/mangabooth","width":"300","height":"300","bordercolor":"#fee0ec","widget_logic":""},"6":{"title":"","appID":"","pageurl":"https:\/\/www.facebook.com\/mangabooth","width":"300","height":"260","bordercolor":"#fee0ec","widget_logic":""},"2":{"title":"","appID":"","pageurl":"https:\/\/www.facebook.com\/mangabooth\/","width":"300","height":"300","bordercolor":"#fee0ec","widget_logic":""},"_multiwidget":1},"custom_html":{"19":{"title":"","content":"<b>Tips<\/b>: Lorem ipsum dolor sit amet, consectetur adipisicing elit, sed do eiusmod tempor incididunt ut labore et dolore magna aliqua. Ut enim ad minim veniam, quis nostrud exercitation ullamco laboris nisi ut aliquip ex ea commodo consequat. Duis aulores eos qui ratione voluptatem sequi nesciunt. Neque porro quisquam est, qui dolorem ipsum quia dolor sit ame","widget_logic":""},"4":{"title":"WHAT'S HOT","content":"[manga_blog count=\"6\" items_per_row=\"3\" order=\"DESC\" orderby=\"date\" ][\/manga_blog]","widget_logic":"!is_front_page() && is_home()"},"22":{"title":"","content":"<b>Tips<\/b>: Lorem ipsum dolor sit amet, consectetur adipisicing elit, sed do eiusmod tempor incididunt ut labore et dolore magna aliqua. Ut enim ad minim veniam, quis nostrud exercitation ullamco laboris nisi ut aliquip ex ea commodo consequat. Duis aulores eos qui ratione voluptatem sequi nesciunt. Neque porro quisquam est, qui dolorem ipsum quia dolor sit ame","widget_logic":"is_page('contact') || is_page('about-us')"},"12":{"title":"","content":"<img src=\"http:\/\/demo.mangabooth.com\/wp-content\/uploads\/2017\/10\/ads-square.jpg\" alt=\"ads\">","widget_logic":"is_page('home') || is_page('home-4')"},"13":{"title":"","content":"<img src=\"http:\/\/demo.mangabooth.com\/wp-content\/uploads\/2017\/10\/ads-square-blue.jpg\" alt=\"ads\">","widget_logic":"is_page('home-2')"},"14":{"title":"","content":"<img src=\"http:\/\/demo.mangabooth.com\/wp-content\/uploads\/2017\/10\/ads-square-dark.jpg\" alt=\"ads\">","widget_logic":"is_page('home-3')"},"20":{"title":"","content":"<img src=\"http:\/\/demo.mangabooth.com\/wp-content\/uploads\/2017\/10\/ads-square.jpg\" alt=\"ads\">","widget_logic":""},"15":{"title":"","content":"[manga_post_slider style=\"1\" count=\"5\" number=\"3\" orderby=\"latest\" time=\"all\" order=\"DESC\" ]","widget_logic":"!is_front_page() && is_home()"},"16":{"title":"","content":"[manga_heading style=\"2\" border=\"1\"]WHAT'S HOT[\/manga_heading]\r\n[manga_blog count=\"6\" items_per_row=\"3\" order=\"DESC\" orderby=\"rand\" ][\/manga_blog]","widget_logic":"!is_front_page() && is_home()"},"17":{"title":"BEST TOPIC OF WEEK","content":"[manga_post_slider style=\"4\" count=\"8\" number=\"4\" orderby=\"latest\" time=\"all\" order=\"DESC\" ]","widget_logic":"is_page('home-2')"},"18":{"title":"BEST TOPIC OF WEEK","content":"[manga_post_slider style=\"4\" count=\"6\" number=\"3\" orderby=\"latest\" time=\"all\" order=\"DESC\" ]","widget_logic":"is_page('home-3')"},"3":{"title":"","content":"[manga_post_slider style=\"1\" count=\"6\" number=\"3\" orderby=\"latest\" time=\"all\" order=\"DESC\" ]","widget_logic":"!is_front_page() && is_home()"},"10":{"title":"","content":"<b>Tips<\/b>: Lorem ipsum dolor sit amet, consectetur adipisicing elit, sed do eiusmod tempor incididunt ut labore et dolore magna aliqua. Ut enim ad minim veniam, quis nostrud exercitation ullamco laboris nisi ut aliquip ex ea commodo consequat. Duis aulores eos qui ratione voluptatem sequi nesciunt. Neque porro quisquam est, qui dolorem ipsum quia dolor sit ame","widget_logic":"is_page('contact')"},"11":{"title":"","content":"<b>Tips<\/b>: Lorem ipsum dolor sit amet, consectetur adipisicing elit, sed do eiusmod tempor incididunt ut labore et dolore magna aliqua. Ut enim ad minim veniam, quis nostrud exercitation ullamco laboris nisi ut aliquip ex ea commodo consequat. Duis aulores eos qui ratione voluptatem sequi nesciunt. Neque porro quisquam est, qui dolorem ipsum quia dolor sit ame","widget_logic":""},"5":{"title":"","content":"<img src=\"http:\/\/demo.mangabooth.com\/wp-content\/uploads\/2017\/10\/ads-square.jpg\" alt=\"ads\">","widget_logic":"is_page('home') || is_page('home-4')"},"6":{"title":"","content":"<img src=\"http:\/\/demo.mangabooth.com\/wp-content\/uploads\/2017\/10\/ads-square-blue.jpg\" alt=\"ads\">","widget_logic":" is_page('home-2')"},"7":{"title":"BEST TOPIC OF WEEK","content":"[manga_post_slider style=\"4\" count=\"10\" number=\"4\" orderby=\"latest\" time=\"all\" order=\"DESC\" ]","widget_logic":"is_page('home-2')"},"8":{"title":"","content":"<img src=\"http:\/\/demo.mangabooth.com\/wp-content\/uploads\/2017\/10\/ads-square-dark.jpg\" alt=\"ads\">","widget_logic":" is_page('home-3')"},"9":{"title":"BEST TOPIC OF WEEK","content":"[manga_post_slider style=\"4\" count=\"8\" number=\"3\" orderby=\"latest\" time=\"all\" order=\"DESC\" ]","widget_logic":" is_page('home-3')"},"_multiwidget":1},"c-w-posts":{"5":{"title":"HOT TOPIC","number_of_posts":"3","order_by":"comment_count","order":"ASC","category":"","tags":"","post_ids":"","widget_logic":"is_page('contact') || is_page('about-us')"},"4":{"title":"HOT TOPICS","number_of_posts":"","order_by":"comment_count","order":"ASC","category":"","tags":"","post_ids":"","widget_logic":""},"2":{"title":"MangaStream - Posts","number_of_posts":"3","order_by":"date","order":"ASC","category":"","tags":"","post_ids":""},"3":{"title":"Recent Posts","number_of_posts":"3","order_by":"date","order":"ASC","category":"","tags":"","post_ids":"","widget_logic":"is_page('contact') || is_page('about-us')"},"_multiwidget":1},"manga-history-id":{"3":{"title":"MY READING HISTORY","number_of_posts":"3","widget_logic":"!is_page('contact') && !is_page('about-us')"},"2":{"title":"MY READING HISTORY","number_of_posts":"3","widget_logic":"is_page('home') || is_page('home-2') || is_page('home-3') || is_page('home-4')"},"_multiwidget":1},"manga-recent":{"3":{"title":"POPULAR MANGA","number_of_post":"6","genre":"","author":"","artist":"","release":"","order_by":"trending","time_range":"all","order":"desc","style":"style-1","button":"Here for more Popular Manga","url":"\/manga\/?m_orderby=trending","widget_logic":"!is_page('contact') && !is_page('about-us')"},"2":{"title":"POPULAR MANGA","number_of_post":"6","genre":"","author":"","artist":"","release":"","order_by":"trending","time_range":"all","order":"desc","style":"style-1","button":"Here for more Popular Manga","url":"\/manga\/?m_orderby=views","widget_logic":"is_page('home') || is_page('home-2') || is_page('home-3') || is_page('home-4')"},"_multiwidget":1},"search":{"4":{"title":"","widget_logic":""},"_multiwidget":1},"manga-search":{"3":{"title":"","search_advanced":"Advanced","widget_logic":""},"2":{"title":"","search_advanced":"Advanced"},"_multiwidget":1},"manga-slider":{"4":{"title":"","number_of_post":"5","number_to_show":"2","genre":"","author":"","artist":"","release":"","order_by":"random","order":"desc","style":"style-2","widget_logic":"is_page('home') || is_page('home-3') || is_page('home-dark')"},"5":{"title":"","number_of_post":"8","number_to_show":"3","genre":"","author":"","artist":"","release":"","order_by":"random","order":"desc","style":"style-3","widget_logic":"is_page('home-2')"},"2":{"title":"","number_of_post":"5","number_to_show":"2","genre":"","author":"","artist":"","release":"","order_by":"latest","order":"desc","style":"style-2","widget_logic":"is_page('home') || is_page('home-3')"},"3":{"title":"","number_of_post":"8","number_to_show":"3","genre":"","author":"","artist":"","release":"","order_by":"ratings","order":"desc","style":"style-3","widget_logic":"is_page('home-2')"},"_multiwidget":1},"manga-popular-slider":{"8":{"title":"POPULAR MANGA UPDATES","number_of_post":"8","number_to_show":"4","genre":"","author":"","artist":"","release":"","order_by":"latest","order":"desc","style":"style-2","widget_logic":"is_page('home-3')"},"5":{"title":"POPULAR MANGA UPDATES","number_of_post":"8","number_to_show":"4","genre":"","author":"","artist":"","release":"","order_by":"new-manga","order":"desc","style":"style-1","widget_logic":"is_page('home') || is_page('home-dark')"},"7":{"title":"","number_of_post":"12","number_to_show":"6","genre":"","author":"","artist":"","release":"","order_by":"latest","order":"desc","style":"style-2","widget_logic":"is_page('home-2')"},"2":{"title":"POPULAR MANGA UPDATES","number_of_post":"8","number_to_show":"4","genre":"","author":"","artist":"","release":"","order_by":"latest","order":"desc","style":"style-1","widget_logic":"is_page('home')"},"3":{"title":"","number_of_post":"12","number_to_show":"6","genre":"","author":"","artist":"","release":"","order_by":"new-manga","order":"asc","style":"style-2","widget_logic":"is_page('home-2')"},"4":{"title":"POPULAR MANGA UPDATES","number_of_post":"8","number_to_show":"4","genre":"","author":"","artist":"","release":"","order_by":"latest","order":"asc","style":"style-2","widget_logic":"is_page('home-3')"},"_multiwidget":1},"rev-slider-widget":{"2":{"rev_slider_title":"","rev_slider":"1","rev_slider_pages":"","widget_logic":"is_page('home-4')"},"_multiwidget":1}}]